<?xml version="1.0"?>
<doc>
    <assembly>
        <name>BESSy</name>
    </assembly>
    <members>
        <member name="M:BESSy.Serialization.QuickZipFormatter.FormatObjStream``1(``0)">
            <summary>
            Unzips the object of type <typeparamref name="T"/>
            </summary>
            <typeparam name="T">Type of the object to format.</typeparam>
            <param name="obj">object to format.</param>
            <returns>raw compressed / encrypted data.</returns>
        </member>
        <member name="M:BESSy.Serialization.QuickZipFormatter.FormatObj``1(``0)">
            <summary>
            Unzips the object of type <typeparamref name="T"/>
            </summary>
            <typeparam name="T">Type of the object to format.</typeparam>
            <param name="obj">object to format.</param>
            <returns>raw compressed / encrypted data.</returns>
        </member>
        <member name="M:BESSy.Serialization.QuickZipFormatter.Format(System.Byte[])">
            <summary>
            Zips the raw buffered data.
            </summary>
            <param name="buffer">raw uncompressed / unencrypted data</param>
            <returns>the encrypted and / or compressed data</returns>
        </member>
        <member name="M:BESSy.Serialization.QuickZipFormatter.Format(System.IO.Stream)">
            <summary>
            Zips the uncompressed stream data.
            </summary>
            <param name="inStream">encrypted and / or uncompressed data steam.</param>
            <returns>compressed and encrypted data stream.</returns>
        </member>
        <member name="T:BESSy.IReadOnlyRepository`2">
            <summary>
            Contract for a repository that supports basic read operations.
            </summary>
            <typeparam name="T">Stored Type</typeparam>
            <typeparam name="I">Key Type</typeparam>
        </member>
        <member name="M:BESSy.Serialization.JSONFormatter.Format(System.Byte[])">
            <summary>
            Passthrough for Json
            </summary>
            <returns></returns>
        </member>
        <member name="M:BESSy.Serialization.JSONFormatter.Format(System.IO.Stream)">
            <summary>
            Passthrough for Json
            </summary>
            <returns></returns>
        </member>
        <member name="M:BESSy.Serialization.JSONFormatter.Unformat(System.Byte[])">
            <summary>
            Passthrough for Json
            </summary>
            <returns></returns>
        </member>
        <member name="M:BESSy.Serialization.JSONFormatter.Unformat(System.IO.Stream)">
            <summary>
            Passthrough for Json
            </summary>
            <returns></returns>
        </member>
        <member name="M:BESSy.Serialization.Converters.BinConverterString.Compare(System.String,System.String)">
            <summary>
            Compares string item1 against string item2.
            </summary>
            <param name="item1"></param>
            <param name="item2"></param>
            <returns>1 if item is greater than item2, 0 if they are equal, and -1 if item2 is greater than item 1</returns>
        </member>
        <member name="M:BESSy.Crypto.ICrypto.GetKey(System.Object[],System.Int32)">
            <summary>
            Return the key from the hash.
            </summary>
            <param name="hash"></param>
            <param name="keySize"></param>
            <returns></returns>
        </member>
        <member name="M:BESSy.Crypto.ICrypto.Encrypt(System.String,System.Byte[])">
            <summary>
            Encrypts the specified value.
            </summary>
            <param name="value">The value.</param>
            <param name="key">The key.</param>
            <param name="encoding">The encoding.</param>
            <returns></returns>
        </member>
        <member name="M:BESSy.Crypto.ICrypto.Encrypt(System.Byte[],System.Byte[])">
            <summary>
            Encrypts the specified byte array.
            </summary>
            <param name="value">The byte array to encrypt.</param>
            <param name="key">The key.</param>
            <returns></returns>
        </member>
        <member name="M:BESSy.Crypto.ICrypto.Encrypt(System.IO.Stream,System.Byte[])">
            <summary>
            Encrypts the specified stream.
            </summary>
            <param name="stream"><typeparamref name="System.IO.Stream"/> to encrypt.</param>
            <param name="key">The key.</param>
            <returns></returns>
        </member>
        <member name="M:BESSy.Crypto.ICrypto.Decrypt(System.String,System.Byte[])">
            <summary>
            Decrypts the specified value.
            </summary>
            <param name="value">The value.</param>
            <param name="key">The key.</param>
            <returns></returns>
        </member>
        <member name="M:BESSy.Crypto.ICrypto.Decrypt(System.Byte[],System.Byte[])">
            <summary>
            Decrypts the specified value.
            </summary>
            <param name="value">The value.</param>
            <param name="key">The key.</param>
            <returns></returns>
        </member>
        <member name="M:BESSy.Crypto.ICrypto.Decrypt(System.IO.Stream,System.Byte[])">
            <summary>
            Decrypts the specified <typeparamref name="System.IO.Stream"/>
            </summary>
            <param name="inStream"><typeparamref name="System.IO.Stream"/> to decrypt</param>
            <param name="key">the hash key</param>
            <returns>the decrypted <typeparamref name="System.IO.Stream"/></returns>
        </member>
        <member name="P:BESSy.Crypto.ICrypto.KeySize">
            <summary>
            Gets the size of the key for this crypto.
            </summary>
            <value>The size of the key.</value>
        </member>
        <member name="T:BESSy.IRepository`2">
            <summary>
            Contract for a repository that supports basic CRUD operations.
            </summary>
            <typeparam name="T">Stored Type</typeparam>
            <typeparam name="I">Key Type</typeparam>
        </member>
        <member name="T:BESSy.IFlush">
            <summary>
            Contract for a repository that supports a write through to it's source on demand.
            </summary>
        </member>
        <member name="T:BESSy.ILoad">
            <summary>
            Contract for a repository that requires initialization.
            </summary>
        </member>
        <member name="M:BESSy.ILoad.Load">
            <summary>
            Initialize the repository from it's underlying device.
            </summary>
            <returns>The amount of records contained in this repository's underlying device.</returns>
        </member>
        <member name="M:BESSy.Catalog`3.#ctor(System.String,System.String)">
            <summary>
            Opens an existing catalog with the specified fileName, with the specified working folder.
            </summary>
            <param name="indexFileName"></param>
            <param name="workingFolder"></param>
        </member>
        <member name="M:BESSy.Catalog`3.#ctor(System.String,System.String,System.Int32,BESSy.Serialization.ISafeFormatter,BESSy.Files.IBatchFileManager{`0},BESSy.Factories.IRepositoryCacheFactory,BESSy.Factories.IIndexRepositoryFactory{`1,`2})">
            <summary>
            Opens an existing catalog with the specified fileName, with the specified working folder.
            </summary>
            <param name="indexFileName"></param>
            <param name="workingFolder"></param>
            <param name="repositoryCacheSize"></param>
            <param name="mapFormatter"></param>
            <param name="indexFileManager"></param>
        </member>
        <member name="M:BESSy.Catalog`3.#ctor(System.String,System.String,BESSy.Serialization.Converters.IBinConverter{`2},System.String,System.String)">
            <summary>
            Creates or opens an existing catalog with the specified filename and settings.
            </summary>
            <param name="indexFileName"></param>
            <param name="workingFolder"></param>
            <param name="propertyConverter"></param>
            <param name="idPropertyName"></param>
            <param name="setIdMethod"></param>
            <param name="categoryIdPropertyName"></param>
        </member>
        <member name="M:BESSy.Catalog`3.#ctor(System.String,System.String,System.Int32,BESSy.Serialization.Converters.IBinConverter{`1},BESSy.Serialization.Converters.IBinConverter{`2},System.String,System.String,BESSy.Serialization.ISafeFormatter,BESSy.Files.IBatchFileManager{`0},BESSy.Factories.IRepositoryCacheFactory,BESSy.Factories.IIndexRepositoryFactory{`1,`2})">
            <summary>
            Creates or opens an existing catalog with the specified filename and settings.
            </summary>
            <param name="indexFileName"></param>
            <param name="workingFolder"></param>
            <param name="repositoryCacheSize"></param>
            <param name="idConverter"></param>
            <param name="propertyConverter"></param>
            <param name="idPropertyName"></param>
            <param name="categoryIdPropertyName"></param>
            <param name="mapFormatter"></param>
            <param name="repositoryFileManager"></param>
            <param name="cacheFactory"></param>
            <param name="indexFactory"></param>
        </member>
        <member name="T:BESSy.AbstractTransactionalDatabase`2">
            <summary>
            Abstract implementation for a fully transactional and queryable database.
            </summary>
        </member>
        <member name="M:BESSy.AbstractTransactionalDatabase`2.#ctor(System.String,BESSy.Serialization.IQueryableFormatter,BESSy.Transactions.ITransactionManager{`0,`1},BESSy.Factories.IAtomicFileManagerFactory,BESSy.Factories.IRepositoryCacheFactory,BESSy.Factories.IIndexFileFactory,BESSy.Factories.IIndexFactory,BESSy.Synchronization.IRowSynchronizer{System.Int32})">
            <summary>
            Opens an existing database with the specified paramters.
            </summary>
            <param name="fileName"></param>
            <param name="transactionManager"></param>
            <param name="databaseFileFactory"></param>
            <param name="cacheFactory"></param>
            <param name="indexFileFactory"></param>
            <param name="indexFactory"></param>
            <param name="rowSynchronizer"></param>
        </member>
        <member name="M:BESSy.AbstractTransactionalDatabase`2.#ctor(System.String,System.String,BESSy.Seeding.ISeed{`0},BESSy.Serialization.Converters.IBinConverter{`0},BESSy.Serialization.IQueryableFormatter,BESSy.Transactions.ITransactionManager{`0,`1},BESSy.Factories.IAtomicFileManagerFactory,BESSy.Factories.IRepositoryCacheFactory,BESSy.Factories.IIndexFileFactory,BESSy.Factories.IIndexFactory,BESSy.Synchronization.IRowSynchronizer{System.Int32})">
            <summary>
            Open a new or existing database with the specified paramters.
            </summary>
            <param name="fileName"></param>
            <param name="idToken"></param>
            <param name="seed"></param>
            <param name="idConverter"></param>
            <param name="formatter"></param>
            <param name="transactionManager"></param>
            <param name="databaseFileFactory"></param>
            <param name="cacheFactory"></param>
            <param name="indexFileFactory"></param>
            <param name="indexFactory"></param>
            <param name="rowSynchronizer"></param>
        </member>
        <member name="M:BESSy.Serialization.BSONFormatter.Format(System.Byte[])">
            <summary>
            Passthrough for Bson
            </summary>
            <returns></returns>
        </member>
        <member name="M:BESSy.Serialization.BSONFormatter.Format(System.IO.Stream)">
            <summary>
            Passthrough for Bson
            </summary>
            <returns></returns>
        </member>
        <member name="M:BESSy.Serialization.BSONFormatter.Unformat(System.Byte[])">
            <summary>
            Passthrough for Bson
            </summary>
            <returns></returns>
        </member>
        <member name="M:BESSy.Serialization.BSONFormatter.Unformat(System.IO.Stream)">
            <summary>
            Passthrough for Bson
            </summary>
            <returns></returns>
        </member>
        <member name="M:BESSy.AbstractMappedRepository`2.#ctor(System.Int32,System.String,BESSy.Serialization.ISafeFormatter,BESSy.Files.IBatchFileManager{`0})">
            <summary>
            Opens an existing repository with the specified settings.
            </summary>
            <param name="cacheSize"></param>
            <param name="fileName"></param>
            <param name="mapFormatter"></param>
            <param name="fileManager"></param>
        </member>
        <member name="M:BESSy.AbstractMappedRepository`2.#ctor(System.Int32,System.String,BESSy.Seeding.ISeed{`1},BESSy.Serialization.Converters.IBinConverter{`1},BESSy.Serialization.ISafeFormatter,BESSy.Files.IBatchFileManager{`0})">
            <summary>
            Creates or opens an existing repository with the specified settings.
            </summary>
            <param name="cacheSize"></param>
            <param name="fileName"></param>
            <param name="seed"></param>
            <param name="idConverter"></param>
            <param name="mapFormatter"></param>
            <param name="fileManager"></param>
        </member>
        <member name="M:BESSy.Repository`2.#ctor(System.Int32,System.String,System.Boolean,BESSy.Seeding.ISeed{`1},BESSy.Serialization.Converters.IBinConverter{`1},BESSy.Serialization.ISafeFormatter,BESSy.Files.IBatchFileManager{`0})">
            <summary>
            Creates or opens a new repository with the specified settings. Requires the seed to have already been properly configured.
            </summary>
            <param name="cacheSize"></param>
            <param name="fileName"></param>
            <param name="autoCache"></param>
            <param name="seed"></param>
            <param name="idConverter"></param>
            <param name="mapFormatter"></param>
            <param name="fileManager"></param>
        </member>
        <member name="M:BESSy.Repository`2.#ctor(System.String)">
            <summary>
            Opens an existing repository with the specfied fileName using the default settings.
            </summary>
            <param name="fileName"></param>
        </member>
        <member name="M:BESSy.Repository`2.#ctor(System.String,System.String)">
            <summary>
            Creates, or opens an existing repository with the default settings.
            </summary>
            <param name="fileName"></param>
            <param name="idPropertyName"></param>
            <param name="setUniqueIdMethod"></param>
        </member>
        <member name="M:BESSy.Repository`2.#ctor(System.Int32,System.String,System.Boolean,BESSy.Seeding.ISeed{`1},BESSy.Serialization.Converters.IBinConverter{`1},BESSy.Serialization.ISafeFormatter,BESSy.Files.IBatchFileManager{`0},System.String)">
            <summary>
            Creates or opens an existing repository with the specified settings.
            </summary>
            <param name="cacheSize"></param>
            <param name="fileName"></param>
            <param name="autoCache"></param>
            <param name="seed"></param>
            <param name="idConverter"></param>
            <param name="mapFormatter"></param>
            <param name="fileManager"></param>
            <param name="idPropertyName"></param>
            <param name="setUniqueIdMethod"></param>
        </member>
        <member name="M:BESSy.Database`2.#ctor(System.String)">
            <summary>
            
            </summary>
            <param name="fileName"></param>
        </member>
        <member name="M:BESSy.Database`2.#ctor(System.String,BESSy.Serialization.IQueryableFormatter)">
            <summary>
            
            </summary>
            <param name="fileName"></param>
        </member>
        <member name="M:BESSy.Database`2.#ctor(System.String,BESSy.Serialization.IQueryableFormatter,BESSy.Transactions.ITransactionManager{`0,`1})">
            <summary>
            
            </summary>
            <param name="fileName"></param>
            <param name="transactionManager"></param>
        </member>
        <member name="M:BESSy.Database`2.#ctor(System.String,BESSy.Serialization.IQueryableFormatter,BESSy.Transactions.ITransactionManager{`0,`1},BESSy.Factories.IAtomicFileManagerFactory)">
            <summary>
            
            </summary>
            <param name="fileName"></param>
            <param name="transactionManager"></param>
            <param name="fileManagerFactory"></param>
        </member>
        <member name="M:BESSy.Database`2.#ctor(System.String,BESSy.Serialization.IQueryableFormatter,BESSy.Transactions.ITransactionManager{`0,`1},BESSy.Factories.IAtomicFileManagerFactory,BESSy.Factories.IRepositoryCacheFactory)">
            <summary>
            
            </summary>
            <param name="fileName"></param>
            <param name="transactionManager"></param>
            <param name="fileManagerFactory"></param>
            <param name="cacheFactory"></param>
        </member>
        <member name="M:BESSy.Database`2.#ctor(System.String,BESSy.Serialization.IQueryableFormatter,BESSy.Transactions.ITransactionManager{`0,`1},BESSy.Factories.IAtomicFileManagerFactory,BESSy.Factories.IRepositoryCacheFactory,BESSy.Factories.IIndexFileFactory,BESSy.Factories.IIndexFactory)">
            <summary>
            
            </summary>
            <param name="fileName"></param>
            <param name="transactionManager"></param>
            <param name="fileManagerFactory"></param>
            <param name="cacheFactory"></param>
            <param name="indexFileFactory"></param>
            <param name="indexFactory"></param>
        </member>
        <member name="M:BESSy.Database`2.#ctor(System.String,System.String)">
            <summary>
            
            </summary>
            <param name="fileName"></param>
            <param name="idToken"></param>
        </member>
        <member name="M:BESSy.Database`2.#ctor(System.String,System.String,BESSy.Seeding.ISeed{`0})">
            <summary>
            
            </summary>
            <param name="fileName"></param>
            <param name="idToken"></param>
            <param name="seed"></param>
        </member>
        <member name="M:BESSy.Database`2.#ctor(System.String,System.String,BESSy.Seeding.ISeed{`0},BESSy.Serialization.Converters.IBinConverter{`0})">
            <summary>
            
            </summary>
            <param name="fileName"></param>
            <param name="idToken"></param>
            <param name="seed"></param>
            <param name="converter"></param>
        </member>
        <member name="M:BESSy.Database`2.#ctor(System.String,System.String,BESSy.Seeding.ISeed{`0},BESSy.Serialization.Converters.IBinConverter{`0},BESSy.Serialization.IQueryableFormatter)">
            <summary>
            
            </summary>
            <param name="fileName"></param>
            <param name="idToken"></param>
            <param name="seed"></param>
            <param name="converter"></param>
            <param name="formatter"></param>
            <param name="transactionManager"></param>
        </member>
        <member name="M:BESSy.Database`2.#ctor(System.String,System.String,BESSy.Seeding.ISeed{`0},BESSy.Serialization.Converters.IBinConverter{`0},BESSy.Serialization.IQueryableFormatter,BESSy.Transactions.ITransactionManager{`0,`1})">
            <summary>
            
            </summary>
            <param name="fileName"></param>
            <param name="idToken"></param>
            <param name="seed"></param>
            <param name="converter"></param>
            <param name="formatter"></param>
            <param name="transactionManager"></param>
        </member>
        <member name="M:BESSy.Database`2.#ctor(System.String,System.String,BESSy.Seeding.ISeed{`0},BESSy.Serialization.Converters.IBinConverter{`0},BESSy.Serialization.IQueryableFormatter,BESSy.Transactions.ITransactionManager{`0,`1},BESSy.Factories.IAtomicFileManagerFactory)">
            <summary>
            
            </summary>
            <param name="fileName"></param>
            <param name="idToken"></param>
            <param name="seed"></param>
            <param name="converter"></param>
            <param name="formatter"></param>
            <param name="transactionManager"></param>
            <param name="fileManagerFactory"></param>
        </member>
        <member name="M:BESSy.Database`2.#ctor(System.String,System.String,BESSy.Seeding.ISeed{`0},BESSy.Serialization.Converters.IBinConverter{`0},BESSy.Serialization.IQueryableFormatter,BESSy.Transactions.ITransactionManager{`0,`1},BESSy.Factories.IAtomicFileManagerFactory,BESSy.Factories.IRepositoryCacheFactory)">
            <summary>
            
            </summary>
            <param name="fileName"></param>
            <param name="idToken"></param>
            <param name="seed"></param>
            <param name="converter"></param>
            <param name="formatter"></param>
            <param name="transactionManager"></param>
            <param name="fileManagerFactory"></param>
            <param name="cacheFactory"></param>
        </member>
        <member name="M:BESSy.Database`2.#ctor(System.String,System.String,BESSy.Seeding.ISeed{`0},BESSy.Serialization.Converters.IBinConverter{`0},BESSy.Serialization.IQueryableFormatter,BESSy.Transactions.ITransactionManager{`0,`1},BESSy.Factories.IAtomicFileManagerFactory,BESSy.Factories.IRepositoryCacheFactory,BESSy.Factories.IIndexFileFactory,BESSy.Factories.IIndexFactory)">
            <summary>
            
            </summary>
            <param name="fileName"></param>
            <param name="idToken"></param>
            <param name="seed"></param>
            <param name="converter"></param>
            <param name="formatter"></param>
            <param name="transactionManager"></param>
            <param name="fileManagerFactory"></param>
            <param name="cacheFactory"></param>
            <param name="indexFileFactory"></param>
            <param name="indexFactory"></param>
        </member>
        <member name="T:BESSy.IFlush`1">
            <summary>
            Contract for a repository that supports saving data directly to it's source on demand.
            </summary>
            <typeparam name="EntityType">Entity Type</typeparam>
        </member>
        <member name="M:BESSy.Serialization.XmlSerializationHelper.TrySerialize``1(``0,System.String@)">
            <summary>
            Tries to serialize the specified object of the specified type, with UTF-8 as the encoding.
            </summary>
            <param name="obj">The obj.</param>
            <param name="output">The output.</param>
            <returns>True if the object was successfully serialized.</returns>
        </member>
        <member name="M:BESSy.Serialization.XmlSerializationHelper.TrySerialize``1(``0,System.Text.Encoding,System.String@)">
            <summary>
            Tries to serialize the specified object of the specified type with the specified encoding.
            </summary>
            <param name="obj">The obj.</param>
            <param name="output">The output.</param>
            <returns>True if the object was successfully serialized.</returns>
        </member>
        <member name="M:BESSy.Serialization.XmlSerializationHelper.Serialize``1(``0)">
            <summary>
            Serializes the specified object, with UTF-8 as the encoding.
            </summary>
            <param name="obj">The object to serialize.</param>
            <returns>returns the serialized xml.</returns>
        </member>
        <member name="M:BESSy.Serialization.XmlSerializationHelper.Serialize``1(``0,System.Text.Encoding)">
            <summary>
            Serializes the specified object, with the specified encoding.
            </summary>
            <param name="obj">The object to serialize.</param>
            <param name="encoding">The encoding.</param>
            <returns>returns the serialized xml.</returns>
        </member>
        <member name="M:BESSy.Serialization.XmlSerializationHelper.Serialize``1(``0,System.String)">
            <summary>
            Serializes the specified object.
            </summary>
            <param name="obj">The objext.</param>
            <param name="defaultNameSpace">The default namespace.</param>
            <returns></returns>
        </member>
        <member name="M:BESSy.Serialization.XmlSerializationHelper.TryDeserialize``1(System.String,``0@)">
            <summary>
            Tries to deserialize the specified xml as the specified inner type.
            </summary>
            <param name="xml">The XML.</param>
            <param name="output">The output.</param>
            <returns>True if the document was successfully deserialized.</returns>
        </member>
        <member name="M:BESSy.Serialization.XmlSerializationHelper.TryDeserialize``1(System.IO.Stream,``0@)">
            <summary>
            Tries to deserialize the specified stream as the specified inner type.
            </summary>
            <param name="stream">The stream.</param>
            <param name="output">The output.</param>
            <returns>True if the document was successfully deserialized.</returns>
        </member>
        <member name="M:BESSy.Serialization.XmlSerializationHelper.TryDeserialize``1(System.Xml.XmlTextReader,``0@)">
            <summary>
            Tries to deserialize the specified xmlTextReader as the specified inner type.
            </summary>
            <param name="xmlTextReader">The XML text reader.</param>
            <param name="output">The output.</param>
            <returns>True if the document was successfully deserialized.</returns>
        </member>
        <member name="M:BESSy.Serialization.XmlSerializationHelper.TryDeserialize``1(System.Xml.XmlReader,``0@)">
            <summary>
            Tries the deserialize.
            </summary>
            <typeparam name="T"></typeparam>
            <param name="xmlReader">The XML reader.</param>
            <param name="output">The output.</param>
            <returns></returns>
        </member>
        <member name="M:BESSy.Serialization.XmlSerializationHelper.Deserialize``1(System.String)">
            <summary>
            Deserializes the specified XML as the specified inner type.
            </summary>
            <param name="xml">The XML.</param>
            <returns>returns the deserialized object T.</returns>
        </member>
        <member name="M:BESSy.Serialization.XmlSerializationHelper.Deserialize``1(System.String,System.Type[])">
            <summary>
            Deserializes the specified XML as the specified inner type.
            </summary>
            <param name="xml">The XML.</param>
            <returns>returns the deserialized object T.</returns>
        </member>
        <member name="M:BESSy.Serialization.XmlSerializationHelper.Deserialize``1(System.String,System.String)">
            <summary>
            Deserializes the specified XML under the specified namespace.
            </summary>
            <param name="xml">The XML.</param>
            <param name="defaultNamespace">The default namespace.</param>
            <returns></returns>
        </member>
        <member name="M:BESSy.Serialization.XmlSerializationHelper.Deserialize``1(System.IO.StreamReader)">
            <summary>
            Deserializes the specified stream reader as T.
            </summary>
            <param name="streamReader">The stream reader.</param>
            <returns>returns the deserialized object T.</returns>
        </member>
        <member name="M:BESSy.Serialization.XmlSerializationHelper.Deserialize``1(System.IO.Stream)">
            <summary>
            Deserializes the specified stream as T.
            </summary>
            <param name="stream">The stream.</param>
            <returns>returns the deserialized object T.</returns>
        </member>
        <member name="M:BESSy.Serialization.XmlSerializationHelper.Deserialize``1(System.Xml.XmlTextReader)">
            <summary>
            Deserializes the specified <see cref="T:System.Xml.XmlTextReader"/>.
            </summary>
            <typeparam name="T"></typeparam>
            <param name="reader">The reader.</param>
            <returns></returns>
        </member>
        <member name="M:BESSy.Serialization.XmlSerializationHelper.Deserialize``1(System.Xml.XmlReader)">
            <summary>
            Deserializes the specified <see cref="T:System.Xml.XmlReader"/>.
            </summary>
            <typeparam name="T"></typeparam>
            <param name="reader">The reader.</param>
            <returns></returns>
        </member>
        <member name="T:BESSy.Seeding.SeedString">
            <summary>
            This serves mostly as a pass through place holder for string implementations.
            </summary>
        </member>
        <member name="T:BESSy.Seeding.SeedPassive`1">
            <summary>
            This serves mostly as a pass through place holder for custom passive implementations.
            </summary>
        </member>
        <member name="T:BESSy.Crypto.RC2Crypto">
            <summary>
            Provides a simple RC2 encryption algorithm.
            </summary>
        </member>
        <member name="M:BESSy.Crypto.RC2Crypto.#ctor(System.Byte[],System.Text.Encoding)">
            <summary>
            What's your Vector, Victor?
            </summary>
            <param name="vector"></param>
            <param name="?"></param>
        </member>
        <member name="M:BESSy.Crypto.RC2Crypto.GetKey(System.Object[],System.Int32)">
            <summary>
            Gets the key to be used from the collection of key objects passed in.
            </summary>
            <param name="key">the object array to derrive the key from.</param>
            <param name="keySize">the _length of the key.</param>
            <returns>the key</returns>
        </member>
        <member name="M:BESSy.Crypto.RC2Crypto.Encrypt(System.String,System.Byte[])">
            <summary>
            Encrypts the specified value.
            </summary>
            <param name="value">The value.</param>
            <param name="key">The key.</param>
            <param name="encoding">The encoding.</param>
            <returns></returns>
        </member>
        <member name="M:BESSy.Crypto.RC2Crypto.Encrypt(System.Byte[],System.Byte[])">
            <summary>
            Encrypts the specified value.
            </summary>
            <param name="value">The value.</param>
            <param name="key">The key.</param>
            <returns></returns>
        </member>
        <member name="M:BESSy.Crypto.RC2Crypto.Encrypt(System.IO.Stream,System.Byte[])">
            <summary>
            Encrypts the specified value.
            </summary>
            <param name="inStream"></param>
            <param name="key"></param>
            <returns></returns>
        </member>
        <member name="M:BESSy.Crypto.RC2Crypto.Decrypt(System.String,System.Byte[])">
            <summary>
            Decrypts the specified value.
            </summary>
            <param name="value">The value.</param>
            <param name="key">The key.</param>
            <param name="encoding">The encoding.</param>
            <returns></returns>
        </member>
        <member name="M:BESSy.Crypto.RC2Crypto.Decrypt(System.Byte[],System.Byte[])">
            <summary>
            Decrypts the specified value.
            </summary>
            <param name="value">The value.</param>
            <param name="key">The key.</param>
            <returns></returns>
        </member>
        <member name="M:BESSy.Crypto.RC2Crypto.Decrypt(System.IO.Stream,System.Byte[])">
            <summary>
            Decrypts the specified <typeparamref name="System.IO.Stream"/>
            </summary>
            <param name="inStream"><typeparamref name="System.IO.Stream"/> to decrypt</param>
            <param name="key">the hash key</param>
            <returns>the decrypted <typeparamref name="System.IO.Stream"/></returns>
        </member>
        <member name="P:BESSy.Crypto.RC2Crypto.KeySize">
            <summary>
            The Length of the key
            </summary>
        </member>
        <member name="M:BESSy.Files.AtomicFileManager`1.SaveSegment(`0,System.Int32)">
            <summary>
            Saves the entity at the specified dbSegment position.
            </summary>
            <param name="obj">The entity to be saved.</param>
            <param name="dbSegment"></param>
            <returns></returns>
        </member>
        <member name="M:BESSy.IndexRepository`2.#ctor(System.String)">
            <summary>
            Opens an existing index with the specified file name.
            </summary>
            <param name="fileName"></param>
        </member>
        <member name="M:BESSy.IndexRepository`2.#ctor(System.String,BESSy.Serialization.ISafeFormatter,BESSy.Factories.IRepositoryCacheFactory,BESSy.Files.IBatchFileManager{BESSy.Files.IndexPropertyPair{`0,`1}})">
            <summary>
            Opens an existing index with the specified settings.
            </summary>
            <param name="cacheSize"></param>
            <param name="fileName"></param>
            <param name="mapFormatter"></param>
            <param name="fileManager"></param>
        </member>
        <member name="M:BESSy.IndexRepository`2.#ctor(System.String,BESSy.Serialization.Converters.IBinConverter{`1})">
            <summary>
            Creates or opens an existing index with the specified filename.
            </summary>
            <param name="fileName"></param>
            <param name="propertyConverter"></param>
        </member>
        <member name="M:BESSy.IndexRepository`2.#ctor(System.String,BESSy.Seeding.ISeed{`0},BESSy.Serialization.Converters.IBinConverter{`0},BESSy.Serialization.Converters.IBinConverter{`1},BESSy.Serialization.ISafeFormatter,BESSy.Factories.IRepositoryCacheFactory,BESSy.Files.IBatchFileManager{BESSy.Files.IndexPropertyPair{`0,`1}})">
            <summary>
            Creates or opens an existing index with the specified filename.
            </summary>
            <param name="cacheSize"></param>
            <param name="fileName"></param>
            <param name="seed"></param>
            <param name="idConverter"></param>
            <param name="propertyConverter"></param>
            <param name="mapFormatter"></param>
            <param name="fileManager"></param>
        </member>
        <member name="M:BESSy.Indexes.IndexFileManager`2.Rebuild(BESSy.Files.IQueryableFile,System.Int32)">
            <summary>
            Rebuilds the index from the primary database file.
            </summary>
            <param name="fileMananger"></param>
        </member>
    </members>
</doc>
