<?xml version="1.0"?>
<doc>
    <assembly>
        <name>BESSy</name>
    </assembly>
    <members>
        <member name="M:BESSy.Serialization.JSONFormatter.Format(System.Byte[])">
            <summary>
            Passthrough for Json
            </summary>
            <returns></returns>
        </member>
        <member name="M:BESSy.Serialization.JSONFormatter.Format(System.IO.Stream)">
            <summary>
            Passthrough for Json
            </summary>
            <returns></returns>
        </member>
        <member name="M:BESSy.Serialization.JSONFormatter.Unformat(System.Byte[])">
            <summary>
            Passthrough for Json
            </summary>
            <returns></returns>
        </member>
        <member name="M:BESSy.Serialization.JSONFormatter.Unformat(System.IO.Stream)">
            <summary>
            Passthrough for Json
            </summary>
            <returns></returns>
        </member>
        <member name="M:BESSy.Serialization.Converters.BinConverterString.Compare(System.String,System.String)">
            <summary>
            Compares string item1 against string item2.
            </summary>
            <param name="item1"></param>
            <param name="item2"></param>
            <returns>1 if item is greater than item2, 0 if they are equal, and -1 if item2 is greater than item 1</returns>
        </member>
        <member name="T:BESSy.AbstractTransactionalDatabase`2">
            <summary>
            Abstract implementation for a fully transactional and queryable database.
            </summary>
        </member>
        <member name="T:BESSy.IRepository`2">
            <summary>
            Contract for a repository that supports basic CRUD operations.
            </summary>
            <typeparam name="ResourceType">Stored Type</typeparam>
            <typeparam name="I">Key Type</typeparam>
        </member>
        <member name="T:BESSy.IReadOnlyRepository`2">
            <summary>
            Contract for a repository that supports basic read operations.
            </summary>
            <typeparam name="ResourceType">Stored Type</typeparam>
            <typeparam name="I">Key Type</typeparam>
        </member>
        <member name="T:BESSy.IFlush">
            <summary>
            Contract for a repository that supports a write through to it's source on demand.
            </summary>
        </member>
        <member name="T:BESSy.ILoad">
            <summary>
            Contract for a repository that requires initialization.
            </summary>
        </member>
        <member name="M:BESSy.ILoad.Load">
            <summary>
            Initialize the repository from it's underlying device.
            </summary>
            <returns>The amount of records contained in this repository's underlying device.</returns>
        </member>
        <member name="M:BESSy.AbstractTransactionalDatabase`2.#ctor(System.String,BESSy.Serialization.IQueryableFormatter,BESSy.Transactions.ITransactionManager{`0,`1},BESSy.Factories.IAtomicFileManagerFactory,BESSy.Factories.IDatabaseCacheFactory,BESSy.Factories.IIndexFileFactory,BESSy.Factories.IIndexFactory,BESSy.Synchronization.IRowSynchronizer{System.Int64})">
            <summary>
            Opens an existing database with the specified paramters.
            </summary>
            <param name="fileName"></param>
            <param name="transactionManager"></param>
            <param name="databaseFileFactory"></param>
            <param name="cacheFactory"></param>
            <param name="cacheFactory"></param>
            <param name="cacheFactory"></param>
            <param name="rowSynchronizer"></param>
        </member>
        <member name="M:BESSy.AbstractTransactionalDatabase`2.#ctor(System.String,System.String,BESSy.Seeding.IFileCore{`0,System.Int64},BESSy.Serialization.Converters.IBinConverter{`0},BESSy.Serialization.IQueryableFormatter,BESSy.Transactions.ITransactionManager{`0,`1},BESSy.Factories.IAtomicFileManagerFactory,BESSy.Factories.IDatabaseCacheFactory,BESSy.Factories.IIndexFileFactory,BESSy.Factories.IIndexFactory,BESSy.Synchronization.IRowSynchronizer{System.Int64})">
            <summary>
            Open a new or existing database with the specified paramters.
            </summary>
            <param name="fileName"></param>
            <param name="idToken"></param>
            <param name="segmentSeed"></param>
            <param name="idConverter"></param>
            <param name="formatter"></param>
            <param name="transactionManager"></param>
            <param name="databaseFileFactory"></param>
            <param name="cacheFactory"></param>
            <param name="cacheFactory"></param>
            <param name="cacheFactory"></param>
            <param name="rowSynchronizer"></param>
        </member>
        <member name="M:BESSy.Relational.RelationalDatabase`1.#ctor(System.String)">
            <summary>
            
            </summary>
            <param name="fileName"></param>
        </member>
        <member name="M:BESSy.Relational.RelationalDatabase`1.#ctor(System.String,BESSy.Serialization.IQueryableFormatter)">
            <summary>
            
            </summary>
            <param name="fileName"></param>
        </member>
        <member name="M:BESSy.Relational.RelationalDatabase`1.#ctor(System.String,BESSy.Serialization.IQueryableFormatter,BESSy.Transactions.ITransactionManager{`0,BESSy.Relational.RelationshipEntity{`0}})">
            <summary>
            
            </summary>
            <param name="fileName"></param>
            <param name="transactionManager"></param>
        </member>
        <member name="M:BESSy.Relational.RelationalDatabase`1.#ctor(System.String,BESSy.Serialization.IQueryableFormatter,BESSy.Transactions.ITransactionManager{`0,BESSy.Relational.RelationshipEntity{`0}},BESSy.Factories.IAtomicFileManagerFactory)">
            <summary>
            
            </summary>
            <param name="fileName"></param>
            <param name="transactionManager"></param>
            <param name="cacheFactory"></param>
        </member>
        <member name="M:BESSy.Relational.RelationalDatabase`1.#ctor(System.String,BESSy.Serialization.IQueryableFormatter,BESSy.Transactions.ITransactionManager{`0,BESSy.Relational.RelationshipEntity{`0}},BESSy.Factories.IAtomicFileManagerFactory,BESSy.Factories.IDatabaseCacheFactory)">
            <summary>
            
            </summary>
            <param name="fileName"></param>
            <param name="transactionManager"></param>
            <param name="cacheFactory"></param>
            <param name="cacheFactory"></param>
        </member>
        <member name="M:BESSy.Relational.RelationalDatabase`1.#ctor(System.String,BESSy.Serialization.IQueryableFormatter,BESSy.Transactions.ITransactionManager{`0,BESSy.Relational.RelationshipEntity{`0}},BESSy.Factories.IAtomicFileManagerFactory,BESSy.Factories.IDatabaseCacheFactory,BESSy.Factories.IIndexFileFactory,BESSy.Factories.IIndexFactory)">
            <summary>
            
            </summary>
            <param name="fileName"></param>
            <param name="transactionManager"></param>
            <param name="cacheFactory"></param>
            <param name="cacheFactory"></param>
            <param name="cacheFactory"></param>
            <param name="cacheFactory"></param>
        </member>
        <member name="M:BESSy.Relational.RelationalDatabase`1.#ctor(System.String,System.String)">
            <summary>
            
            </summary>
            <param name="fileName"></param>
            <param name="idToken"></param>
        </member>
        <member name="M:BESSy.Relational.RelationalDatabase`1.#ctor(System.String,System.String,BESSy.Seeding.IFileCore{`0,System.Int64})">
            <summary>
            
            </summary>
            <param name="fileName"></param>
            <param name="idToken"></param>
            <param name="segmentSeed"></param>
        </member>
        <member name="M:BESSy.Relational.RelationalDatabase`1.#ctor(System.String,System.String,BESSy.Seeding.IFileCore{`0,System.Int64},BESSy.Serialization.Converters.IBinConverter{`0})">
            <summary>
            
            </summary>
            <param name="fileName"></param>
            <param name="idToken"></param>
            <param name="segmentSeed"></param>
            <param name="converter"></param>
        </member>
        <member name="M:BESSy.Relational.RelationalDatabase`1.#ctor(System.String,System.String,BESSy.Seeding.IFileCore{`0,System.Int64},BESSy.Serialization.Converters.IBinConverter{`0},BESSy.Serialization.IQueryableFormatter)">
            <summary>
            
            </summary>
            <param name="fileName"></param>
            <param name="idToken"></param>
            <param name="segmentSeed"></param>
            <param name="converter"></param>
            <param name="formatter"></param>
            <param name="transactionManager"></param>
        </member>
        <member name="M:BESSy.Relational.RelationalDatabase`1.#ctor(System.String,System.String,BESSy.Seeding.IFileCore{`0,System.Int64},BESSy.Serialization.Converters.IBinConverter{`0},BESSy.Serialization.IQueryableFormatter,BESSy.Transactions.ITransactionManager{`0,BESSy.Relational.RelationshipEntity{`0}})">
            <summary>
            
            </summary>
            <param name="fileName"></param>
            <param name="idToken"></param>
            <param name="segmentSeed"></param>
            <param name="converter"></param>
            <param name="formatter"></param>
            <param name="transactionManager"></param>
        </member>
        <member name="M:BESSy.Relational.RelationalDatabase`1.#ctor(System.String,System.String,BESSy.Seeding.IFileCore{`0,System.Int64},BESSy.Serialization.Converters.IBinConverter{`0},BESSy.Serialization.IQueryableFormatter,BESSy.Transactions.ITransactionManager{`0,BESSy.Relational.RelationshipEntity{`0}},BESSy.Factories.IAtomicFileManagerFactory)">
            <summary>
            
            </summary>
            <param name="fileName"></param>
            <param name="idToken"></param>
            <param name="segmentSeed"></param>
            <param name="converter"></param>
            <param name="formatter"></param>
            <param name="transactionManager"></param>
            <param name="cacheFactory"></param>
        </member>
        <member name="M:BESSy.Relational.RelationalDatabase`1.#ctor(System.String,System.String,BESSy.Seeding.IFileCore{`0,System.Int64},BESSy.Serialization.Converters.IBinConverter{`0},BESSy.Serialization.IQueryableFormatter,BESSy.Transactions.ITransactionManager{`0,BESSy.Relational.RelationshipEntity{`0}},BESSy.Factories.IAtomicFileManagerFactory,BESSy.Factories.IDatabaseCacheFactory)">
            <summary>
            
            </summary>
            <param name="fileName"></param>
            <param name="idToken"></param>
            <param name="segmentSeed"></param>
            <param name="converter"></param>
            <param name="formatter"></param>
            <param name="transactionManager"></param>
            <param name="cacheFactory"></param>
            <param name="cacheFactory"></param>
        </member>
        <member name="M:BESSy.Relational.RelationalDatabase`1.#ctor(System.String,System.String,BESSy.Seeding.IFileCore{`0,System.Int64},BESSy.Serialization.Converters.IBinConverter{`0},BESSy.Serialization.IQueryableFormatter,BESSy.Transactions.ITransactionManager{`0,BESSy.Relational.RelationshipEntity{`0}},BESSy.Factories.IAtomicFileManagerFactory,BESSy.Factories.IDatabaseCacheFactory,BESSy.Factories.IIndexFileFactory,BESSy.Factories.IIndexFactory)">
            <summary>
            
            </summary>
            <param name="fileName"></param>
            <param name="idToken"></param>
            <param name="segmentSeed"></param>
            <param name="converter"></param>
            <param name="formatter"></param>
            <param name="transactionManager"></param>
            <param name="cacheFactory"></param>
            <param name="cacheFactory"></param>
            <param name="cacheFactory"></param>
            <param name="cacheFactory"></param>
        </member>
        <member name="M:BESSy.Crypto.ICrypto.GetKey(System.Security.SecureString,System.Int32)">
            <summary>
            Return the key from the hash.
            </summary>
            <param name="hash"></param>
            <param name="keySize"></param>
            <returns></returns>
        </member>
        <member name="M:BESSy.Crypto.ICrypto.Encrypt(System.String,System.Byte[])">
            <summary>
            Encrypts the specified qVal.
            </summary>
            <param name="qVal">The qVal.</param>
            <param name="key">The key.</param>
            <param name="encoding">The encoding.</param>
            <returns></returns>
        </member>
        <member name="M:BESSy.Crypto.ICrypto.Encrypt(System.Byte[],System.Byte[])">
            <summary>
            Encrypts the specified byte array.
            </summary>
            <param name="qVal">The byte array to encrypt.</param>
            <param name="key">The key.</param>
            <returns></returns>
        </member>
        <member name="M:BESSy.Crypto.ICrypto.Encrypt(System.IO.Stream,System.Byte[])">
            <summary>
            Encrypts the specified stream.
            </summary>
            <param name="stream"><typeparamref name="System.IO.Stream"/> to encrypt.</param>
            <param name="key">The key.</param>
            <returns></returns>
        </member>
        <member name="M:BESSy.Crypto.ICrypto.Decrypt(System.String,System.Byte[])">
            <summary>
            Decrypts the specified qVal.
            </summary>
            <param name="qVal">The qVal.</param>
            <param name="key">The key.</param>
            <returns></returns>
        </member>
        <member name="M:BESSy.Crypto.ICrypto.Decrypt(System.Byte[],System.Byte[])">
            <summary>
            Decrypts the specified qVal.
            </summary>
            <param name="qVal">The qVal.</param>
            <param name="key">The key.</param>
            <returns></returns>
        </member>
        <member name="M:BESSy.Crypto.ICrypto.Decrypt(System.IO.Stream,System.Byte[])">
            <summary>
            Decrypts the specified <typeparamref name="System.IO.Stream"/>
            </summary>
            <param name="inStream"><typeparamref name="System.IO.Stream"/> to decrypt</param>
            <param name="key">the hash key</param>
            <returns>the decrypted <typeparamref name="System.IO.Stream"/></returns>
        </member>
        <member name="P:BESSy.Crypto.ICrypto.KeySize">
            <summary>
            Gets the size of the key for this crypto.
            </summary>
            <qVal>The size of the key.</qVal>
        </member>
        <member name="M:BESSy.Serialization.BSONFormatter.Format(System.Byte[])">
            <summary>
            Passthrough for Bson
            </summary>
            <returns></returns>
        </member>
        <member name="M:BESSy.Serialization.BSONFormatter.Format(System.IO.Stream)">
            <summary>
            Passthrough for Bson
            </summary>
            <returns></returns>
        </member>
        <member name="M:BESSy.Serialization.BSONFormatter.Unformat(System.Byte[])">
            <summary>
            Passthrough for Bson
            </summary>
            <returns></returns>
        </member>
        <member name="M:BESSy.Serialization.BSONFormatter.Unformat(System.IO.Stream)">
            <summary>
            Passthrough for Bson
            </summary>
            <returns></returns>
        </member>
        <member name="M:BESSy.Database`2.#ctor(System.String)">
            <summary>
            
            </summary>
            <param name="fileName"></param>
        </member>
        <member name="M:BESSy.Database`2.#ctor(System.String,BESSy.Serialization.IQueryableFormatter)">
            <summary>
            
            </summary>
            <param name="fileName"></param>
        </member>
        <member name="M:BESSy.Database`2.#ctor(System.String,BESSy.Serialization.IQueryableFormatter,BESSy.Transactions.ITransactionManager{`0,`1})">
            <summary>
            
            </summary>
            <param name="fileName"></param>
            <param name="transactionManager"></param>
        </member>
        <member name="M:BESSy.Database`2.#ctor(System.String,BESSy.Serialization.IQueryableFormatter,BESSy.Transactions.ITransactionManager{`0,`1},BESSy.Factories.IAtomicFileManagerFactory)">
            <summary>
            
            </summary>
            <param name="fileName"></param>
            <param name="transactionManager"></param>
            <param name="cacheFactory"></param>
        </member>
        <member name="M:BESSy.Database`2.#ctor(System.String,BESSy.Serialization.IQueryableFormatter,BESSy.Transactions.ITransactionManager{`0,`1},BESSy.Factories.IAtomicFileManagerFactory,BESSy.Factories.IDatabaseCacheFactory)">
            <summary>
            
            </summary>
            <param name="fileName"></param>
            <param name="transactionManager"></param>
            <param name="cacheFactory"></param>
            <param name="cacheFactory"></param>
        </member>
        <member name="M:BESSy.Database`2.#ctor(System.String,BESSy.Serialization.IQueryableFormatter,BESSy.Transactions.ITransactionManager{`0,`1},BESSy.Factories.IAtomicFileManagerFactory,BESSy.Factories.IDatabaseCacheFactory,BESSy.Factories.IIndexFileFactory,BESSy.Factories.IIndexFactory)">
            <summary>
            
            </summary>
            <param name="fileName"></param>
            <param name="transactionManager"></param>
            <param name="cacheFactory"></param>
            <param name="cacheFactory"></param>
            <param name="cacheFactory"></param>
            <param name="cacheFactory"></param>
        </member>
        <member name="M:BESSy.Database`2.#ctor(System.String,System.String)">
            <summary>
            
            </summary>
            <param name="fileName"></param>
            <param name="idToken"></param>
        </member>
        <member name="M:BESSy.Database`2.#ctor(System.String,System.String,BESSy.Seeding.IFileCore{`0,System.Int64})">
            <summary>
            
            </summary>
            <param name="fileName"></param>
            <param name="idToken"></param>
            <param name="segmentSeed"></param>
        </member>
        <member name="M:BESSy.Database`2.#ctor(System.String,System.String,BESSy.Seeding.IFileCore{`0,System.Int64},BESSy.Serialization.IQueryableFormatter)">
            <summary>
            
            </summary>
            <param name="fileName"></param>
            <param name="idToken"></param>
            <param name="segmentSeed"></param>
            <param name="converter"></param>
        </member>
        <member name="M:BESSy.Database`2.#ctor(System.String,System.String,BESSy.Seeding.IFileCore{`0,System.Int64},BESSy.Serialization.Converters.IBinConverter{`0})">
            <summary>
            
            </summary>
            <param name="fileName"></param>
            <param name="idToken"></param>
            <param name="segmentSeed"></param>
            <param name="converter"></param>
        </member>
        <member name="M:BESSy.Database`2.#ctor(System.String,System.String,BESSy.Seeding.IFileCore{`0,System.Int64},BESSy.Serialization.Converters.IBinConverter{`0},BESSy.Serialization.IQueryableFormatter)">
            <summary>
            
            </summary>
            <param name="fileName"></param>
            <param name="idToken"></param>
            <param name="segmentSeed"></param>
            <param name="converter"></param>
            <param name="formatter"></param>
            <param name="transactionManager"></param>
        </member>
        <member name="M:BESSy.Database`2.#ctor(System.String,System.String,BESSy.Seeding.IFileCore{`0,System.Int64},BESSy.Serialization.Converters.IBinConverter{`0},BESSy.Serialization.IQueryableFormatter,BESSy.Transactions.ITransactionManager{`0,`1})">
            <summary>
            
            </summary>
            <param name="fileName"></param>
            <param name="idToken"></param>
            <param name="segmentSeed"></param>
            <param name="converter"></param>
            <param name="formatter"></param>
            <param name="transactionManager"></param>
        </member>
        <member name="M:BESSy.Database`2.#ctor(System.String,System.String,BESSy.Seeding.IFileCore{`0,System.Int64},BESSy.Serialization.Converters.IBinConverter{`0},BESSy.Serialization.IQueryableFormatter,BESSy.Transactions.ITransactionManager{`0,`1},BESSy.Factories.IAtomicFileManagerFactory)">
            <summary>
            
            </summary>
            <param name="fileName"></param>
            <param name="idToken"></param>
            <param name="segmentSeed"></param>
            <param name="converter"></param>
            <param name="formatter"></param>
            <param name="transactionManager"></param>
            <param name="cacheFactory"></param>
        </member>
        <member name="M:BESSy.Database`2.#ctor(System.String,System.String,BESSy.Seeding.IFileCore{`0,System.Int64},BESSy.Serialization.Converters.IBinConverter{`0},BESSy.Serialization.IQueryableFormatter,BESSy.Transactions.ITransactionManager{`0,`1},BESSy.Factories.IAtomicFileManagerFactory,BESSy.Factories.IDatabaseCacheFactory)">
            <summary>
            
            </summary>
            <param name="fileName"></param>
            <param name="idToken"></param>
            <param name="segmentSeed"></param>
            <param name="converter"></param>
            <param name="formatter"></param>
            <param name="transactionManager"></param>
            <param name="cacheFactory"></param>
            <param name="cacheFactory"></param>
        </member>
        <member name="M:BESSy.Database`2.#ctor(System.String,System.String,BESSy.Seeding.IFileCore{`0,System.Int64},BESSy.Serialization.Converters.IBinConverter{`0},BESSy.Serialization.IQueryableFormatter,BESSy.Transactions.ITransactionManager{`0,`1},BESSy.Factories.IAtomicFileManagerFactory,BESSy.Factories.IDatabaseCacheFactory,BESSy.Factories.IIndexFileFactory,BESSy.Factories.IIndexFactory)">
            <summary>
            
            </summary>
            <param name="fileName"></param>
            <param name="idToken"></param>
            <param name="segmentSeed"></param>
            <param name="converter"></param>
            <param name="formatter"></param>
            <param name="transactionManager"></param>
            <param name="cacheFactory"></param>
            <param name="cacheFactory"></param>
            <param name="cacheFactory"></param>
            <param name="cacheFactory"></param>
        </member>
        <member name="T:BESSy.IRegisterDatabaseFile`1">
            <summary>
            Contract for database file event subscription.
            </summary>
        </member>
        <member name="M:BESSy.IRegisterDatabaseFile`1.Register(BESSy.Files.IAtomicFileManager{`0})">
            <summary>
            register the database file to watch for events related to rebuilding, trans completion, and reorganizing.
            </summary>
            <typeparam name="EntityType"></typeparam>
            <param name="databaseFile"></param>
        </member>
        <member name="T:BESSy.IFlush`1">
            <summary>
            Contract for a repository that supports saving data directly to it's source on demand.
            </summary>
            <typeparam name="EntityType">Entity Type</typeparam>
        </member>
        <member name="M:BESSy.Serialization.XmlSerializationHelper.TrySerialize``1(``0,System.String@)">
            <summary>
            Tries to serialize the specified object of the specified type, with UTF-8 as the encoding.
            </summary>
            <param name="obj">The obj.</param>
            <param name="compressed">The compressed.</param>
            <returns>True if the object was successfully serialized.</returns>
        </member>
        <member name="M:BESSy.Serialization.XmlSerializationHelper.TrySerialize``1(``0,System.Text.Encoding,System.String@)">
            <summary>
            Tries to serialize the specified object of the specified type with the specified encoding.
            </summary>
            <param name="obj">The obj.</param>
            <param name="compressed">The compressed.</param>
            <returns>True if the object was successfully serialized.</returns>
        </member>
        <member name="M:BESSy.Serialization.XmlSerializationHelper.Serialize``1(``0)">
            <summary>
            Serializes the specified object, with UTF-8 as the encoding.
            </summary>
            <param name="obj">The object to serialize.</param>
            <returns>returns the serialized xml.</returns>
        </member>
        <member name="M:BESSy.Serialization.XmlSerializationHelper.Serialize``1(``0,System.Text.Encoding)">
            <summary>
            Serializes the specified object, with the specified encoding.
            </summary>
            <param name="obj">The object to serialize.</param>
            <param name="encoding">The encoding.</param>
            <returns>returns the serialized xml.</returns>
        </member>
        <member name="M:BESSy.Serialization.XmlSerializationHelper.Serialize``1(``0,System.String)">
            <summary>
            Serializes the specified object.
            </summary>
            <param name="obj">The objext.</param>
            <param name="defaultNameSpace">The default namespace.</param>
            <returns></returns>
        </member>
        <member name="M:BESSy.Serialization.XmlSerializationHelper.TryDeserialize``1(System.String,``0@)">
            <summary>
            Tries to deserialize the specified xml as the specified inner type.
            </summary>
            <param name="xml">The XML.</param>
            <param name="compressed">The compressed.</param>
            <returns>True if the document was successfully deserialized.</returns>
        </member>
        <member name="M:BESSy.Serialization.XmlSerializationHelper.TryDeserialize``1(System.IO.Stream,``0@)">
            <summary>
            Tries to deserialize the specified stream as the specified inner type.
            </summary>
            <param name="stream">The stream.</param>
            <param name="compressed">The compressed.</param>
            <returns>True if the document was successfully deserialized.</returns>
        </member>
        <member name="M:BESSy.Serialization.XmlSerializationHelper.TryDeserialize``1(System.Xml.XmlTextReader,``0@)">
            <summary>
            Tries to deserialize the specified xmlTextReader as the specified inner type.
            </summary>
            <param name="xmlTextReader">The XML text reader.</param>
            <param name="compressed">The compressed.</param>
            <returns>True if the document was successfully deserialized.</returns>
        </member>
        <member name="M:BESSy.Serialization.XmlSerializationHelper.TryDeserialize``1(System.Xml.XmlReader,``0@)">
            <summary>
            Tries the deserialize.
            </summary>
            <typeparam name="ResourceType"></typeparam>
            <param name="xmlReader">The XML reader.</param>
            <param name="compressed">The compressed.</param>
            <returns></returns>
        </member>
        <member name="M:BESSy.Serialization.XmlSerializationHelper.Deserialize``1(System.String)">
            <summary>
            Deserializes the specified XML as the specified inner type.
            </summary>
            <param name="xml">The XML.</param>
            <returns>returns the deserialized object ResourceType.</returns>
        </member>
        <member name="M:BESSy.Serialization.XmlSerializationHelper.Deserialize``1(System.String,System.Type[])">
            <summary>
            Deserializes the specified XML as the specified inner type.
            </summary>
            <param name="xml">The XML.</param>
            <returns>returns the deserialized object ResourceType.</returns>
        </member>
        <member name="M:BESSy.Serialization.XmlSerializationHelper.Deserialize``1(System.String,System.String)">
            <summary>
            Deserializes the specified XML under the specified namespace.
            </summary>
            <param name="xml">The XML.</param>
            <param name="defaultNamespace">The default namespace.</param>
            <returns></returns>
        </member>
        <member name="M:BESSy.Serialization.XmlSerializationHelper.Deserialize``1(System.IO.StreamReader)">
            <summary>
            Deserializes the specified stream reader as ResourceType.
            </summary>
            <param name="streamReader">The stream reader.</param>
            <returns>returns the deserialized object ResourceType.</returns>
        </member>
        <member name="M:BESSy.Serialization.XmlSerializationHelper.Deserialize``1(System.IO.Stream)">
            <summary>
            Deserializes the specified stream as ResourceType.
            </summary>
            <param name="stream">The stream.</param>
            <returns>returns the deserialized object ResourceType.</returns>
        </member>
        <member name="M:BESSy.Serialization.XmlSerializationHelper.Deserialize``1(System.Xml.XmlTextReader)">
            <summary>
            Deserializes the specified <see cref="T:System.Xml.XmlTextReader"/>.
            </summary>
            <typeparam name="ResourceType"></typeparam>
            <param name="reader">The reader.</param>
            <returns></returns>
        </member>
        <member name="M:BESSy.Serialization.XmlSerializationHelper.Deserialize``1(System.Xml.XmlReader)">
            <summary>
            Deserializes the specified <see cref="T:System.Xml.XmlReader"/>.
            </summary>
            <typeparam name="ResourceType"></typeparam>
            <param name="reader">The reader.</param>
            <returns></returns>
        </member>
        <member name="T:BESSy.Seeding.SeedString">
            <summary>
            This serves mostly as a pass through place holder for string implementations.
            </summary>
        </member>
        <member name="T:BESSy.Seeding.SeedPassive`1">
            <summary>
            This serves mostly as a pass through place holder for custom passive implementations.
            </summary>
        </member>
        <member name="T:BESSy.Crypto.RC2Crypto">
            <summary>
            Provides a simple RC2 encryption algorithm.
            </summary>
        </member>
        <member name="M:BESSy.Crypto.RC2Crypto.#ctor(System.Security.SecureString)">
            <summary>
            What's your Vector, Victor?
            </summary>
            <param name="vector"></param>
        </member>
        <member name="M:BESSy.Crypto.RC2Crypto.#ctor(System.Security.SecureString,System.Text.Encoding)">
            <summary>
            What's your Vector, Victor?
            </summary>
            <param name="vector"></param>
            <param name="encoding"></param>
        </member>
        <member name="M:BESSy.Crypto.RC2Crypto.GetKey(System.Security.SecureString,System.Int32)">
            <summary>
            Gets the key to be used from the collection of key objects passed in.
            </summary>
            <param name="key">the secure string to derrive the key from.</param>
            <param name="keySize">the _length of the key.</param>
            <returns>the key</returns>
        </member>
        <member name="M:BESSy.Crypto.RC2Crypto.Encrypt(System.String,System.Byte[])">
            <summary>
            Encrypts the specified qVal.
            </summary>
            <param name="qVal">The qVal.</param>
            <param name="key">The key.</param>
            <returns></returns>
        </member>
        <member name="M:BESSy.Crypto.RC2Crypto.Encrypt(System.Byte[],System.Byte[])">
            <summary>
            Encrypts the specified qVal.
            </summary>
            <param name="qVal">The qVal.</param>
            <param name="key">The key.</param>
            <returns></returns>
        </member>
        <member name="M:BESSy.Crypto.RC2Crypto.Encrypt(System.IO.Stream,System.Byte[])">
            <summary>
            Encrypts the specified qVal.
            </summary>
            <param name="inStream"></param>
            <param name="key"></param>
            <returns></returns>
        </member>
        <member name="M:BESSy.Crypto.RC2Crypto.Decrypt(System.String,System.Byte[])">
            <summary>
            Decrypts the specified qVal.
            </summary>
            <param name="qVal">The qVal.</param>
            <param name="key">The key.</param>
            <returns></returns>
        </member>
        <member name="M:BESSy.Crypto.RC2Crypto.Decrypt(System.Byte[],System.Byte[])">
            <summary>
            Decrypts the specified qVal.
            </summary>
            <param name="qVal">The qVal.</param>
            <param name="key">The key.</param>
            <returns></returns>
        </member>
        <member name="M:BESSy.Crypto.RC2Crypto.Decrypt(System.IO.Stream,System.Byte[])">
            <summary>
            Decrypts the specified <typeparamref name="System.IO.Stream"/>
            </summary>
            <param name="inStream"><typeparamref name="System.IO.Stream"/> to decrypt</param>
            <param name="key">the hash key</param>
            <returns>the decrypted <typeparamref name="System.IO.MemoryStream"/></returns>
        </member>
        <member name="P:BESSy.Crypto.RC2Crypto.KeySize">
            <summary>
            The Length of the key
            </summary>
        </member>
        <member name="M:BESSy.Factories.IAtomicFileManagerFactory.Create``2(System.String,System.Int32,System.Int32,System.Int32,BESSy.Seeding.IFileCore{``0,System.Int64},BESSy.Serialization.IQueryableFormatter,BESSy.Synchronization.IRowSynchronizer{System.Int64})">
            <summary>
             Creates a File Manager for an existing data file.
            </summary>
            <typeparam name="SeedType"></typeparam>
            <typeparam name="EntityType"></typeparam>
            <param name="fileNamePath"></param>
            <param name="bufferSize"></param>
            <param name="startingSize"></param>
            <param name="maxBlockSize"></param>
            <param name="core"></param>
            <param name="formatter"></param>
            <param name="rowSynchronizer"></param>
            <returns></returns>
        </member>
        <member name="M:BESSy.Factories.IAtomicFileManagerFactory.Create``2(System.String,System.Int32,System.Int32,System.Int32,BESSy.Serialization.IQueryableFormatter,BESSy.Synchronization.IRowSynchronizer{System.Int64})">
            <summary>
            Creates a File Manager for a new data file.
            </summary>
            <typeparam name="SeedType"></typeparam>
            <typeparam name="EntityType"></typeparam>
            <param name="fileNamePath"></param>
            <param name="bufferSize"></param>
            <param name="startingSize"></param>
            <param name="maxBlockSize"></param>
            <param name="entitySeed"></param>
            <param name="segmentSeed"></param>
            <param name="formatter"></param>
            <param name="rowSynchronizer"></param>
            <returns></returns>
        </member>
        <member name="M:BESSy.Files.AtomicFileManager`1.ReinitializeSeed``1(System.Int64)">
            <summary>
            Reinitializes the core with a new last id.
            </summary>
            <param name="recordsWritten"></param>
        </member>
        <member name="M:BESSy.Files.AtomicFileManager`1.SaveCore``1">
            <summary>
            Saves the database's primary Core
            </summary>
            <typeparam name="SeedType"></typeparam>
            <param name="segmentSeed"></param>
            <returns></returns>
        </member>
        <member name="M:BESSy.Files.AtomicFileManager`1.LoadCoreFrom``1(System.IO.FileStream)">
            <summary>
            Loads the database's primary segmentSeed.
            </summary>
            <typeparam name="SeedType"></typeparam>
            <param name="fileStream"></param>
            <returns></returns>
        </member>
    </members>
</doc>
